epoch,train_loss,train_acc,eval_acc_top1,eval_acc_top5,examples_seen,effective_examples,effective_ratio,compute_ratio,train_seconds,images_per_sec,lr,mean_rank
0,6.705233,0.02678,0.05114,0.16272,1281024,585152,0.456785,0.790118,324.221,3951.08,1.6e-07,0.0
1,6.41579,0.06506,0.08418,0.23304,1281024,581187,0.453689,0.787023,290.114,4415.58,0.00020016,0.0
2,6.370801,0.075334,0.08014,0.21726,1281024,591282,0.46157,0.794903,286.882,4465.34,0.00040016,0.0
3,6.419225,0.070086,0.07344,0.20506,1281024,595356,0.46475,0.798083,321.193,3988.33,0.00060016,0.0
4,6.422941,0.071163,0.0796,0.21562,1281024,595341,0.464738,0.798072,298.827,4286.84,0.00080016,0.0
5,6.360161,0.081678,0.1015,0.25626,1281024,593246,0.463103,0.796436,278.526,4599.29,0.001,0.0
6,6.304427,0.091231,0.09796,0.25536,1281024,591244,0.46154,0.794873,281.848,4545.08,0.00099997,0.0
7,6.261027,0.099445,0.11026,0.27978,1281024,590736,0.461144,0.794477,280.135,4572.88,0.00099989,0.0
8,6.187059,0.113094,0.12952,0.31412,1281024,589066,0.45984,0.793173,280.365,4569.13,0.00099974,0.0
9,6.113584,0.126476,0.13678,0.32646,1281024,587347,0.458498,0.791831,388.212,3299.81,0.00099955,0.0
10,6.051509,0.138198,0.1617,0.36328,1281024,586711,0.458002,0.791335,515.567,2484.69,0.00099929,0.0
11,5.979976,0.15174,0.17366,0.387,1281024,585697,0.45721,0.790543,491.301,2607.41,0.00099898,0.0
12,5.903673,0.166346,0.1823,0.4074,1281024,584149,0.456002,0.789335,510.616,2508.78,0.00099861,0.0
13,5.834497,0.18067,0.20008,0.42948,1281024,583622,0.45559,0.788924,507.02,2526.58,0.00099819,0.0
14,5.75726,0.195494,0.2209,0.4608,1281024,582088,0.454393,0.787726,507.564,2523.87,0.00099771,0.0
15,5.682882,0.210695,0.23978,0.48688,1281024,581692,0.454084,0.787417,512.87,2497.76,0.00099717,0.0
16,5.599492,0.228015,0.25816,0.50826,1281024,579568,0.452426,0.785759,525.576,2437.37,0.00099657,0.0
17,5.514011,0.24697,0.27616,0.53788,1281024,577616,0.450902,0.784235,508.937,2517.06,0.00099592,0.0
18,5.431763,0.264926,0.29246,0.55546,1281024,575726,0.449426,0.78276,512.098,2501.52,0.00099522,0.0
19,5.356888,0.280904,0.3067,0.57418,1281024,573384,0.447598,0.780932,507.549,2523.94,0.00099445,0.0
20,5.283502,0.296501,0.32272,0.59504,1281024,571756,0.446327,0.779661,499.649,2563.85,0.00099363,0.0
21,5.215843,0.310264,0.34322,0.61582,1281024,569911,0.444887,0.77822,508.504,2519.2,0.00099276,0.0
22,5.151029,0.324683,0.35076,0.62494,1281024,567283,0.442836,0.776169,508.071,2521.35,0.00099183,0.0
23,5.084357,0.338132,0.36278,0.63938,1281024,565321,0.441304,0.774637,507.314,2525.11,0.00099084,0.0
24,5.026547,0.350011,0.37218,0.65234,1281024,562721,0.439274,0.772608,507.143,2525.96,0.0009898,0.0
25,4.964687,0.362573,0.387,0.66536,1281024,560503,0.437543,0.770876,528.415,2424.28,0.0009887,0.0
26,4.90745,0.375276,0.39696,0.67388,1281024,557679,0.435338,0.768672,518.086,2472.61,0.00098755,0.0
27,4.847863,0.386984,0.40796,0.68448,1281024,555035,0.433274,0.766608,509.525,2514.16,0.00098634,0.0
28,4.792006,0.399986,0.4168,0.69642,1281024,552285,0.431128,0.764461,507.595,2523.71,0.00098508,0.0
29,4.737738,0.410283,0.42484,0.70288,1281024,549630,0.429055,0.762389,499.992,2562.09,0.00098376,0.0
30,4.687235,0.422295,0.4342,0.71034,1281024,546279,0.426439,0.759773,514.446,2490.1,0.00098238,0.0
31,4.63258,0.432071,0.44386,0.72164,1281024,543985,0.424649,0.757982,512.689,2498.64,0.00098096,0.0
32,4.588276,0.442421,0.44794,0.72328,1281024,540799,0.422161,0.755495,506.929,2527.03,0.00097947,0.0
33,4.541264,0.452571,0.45304,0.72756,1281024,538116,0.420067,0.7534,510.679,2508.47,0.00097794,0.0
34,4.501459,0.460313,0.46122,0.73632,1281024,535700,0.418181,0.751514,523.879,2445.27,0.00097634,0.0
35,4.46066,0.469552,0.47036,0.7408,1281024,532406,0.41561,0.748943,542.24,2362.47,0.0009747,0.0
36,4.423743,0.476929,0.47592,0.74726,1281024,530500,0.414122,0.747455,517.518,2475.32,0.000973,0.0
37,4.387524,0.485265,0.48026,0.7523,1281024,527714,0.411947,0.74528,523.462,2447.22,0.00097125,0.0
38,4.355257,0.4918,0.48132,0.75404,1281024,525533,0.410244,0.743578,511.346,2505.2,0.00096944,0.0
39,4.319929,0.499566,0.48704,0.75328,1281024,522653,0.407996,0.74133,509.206,2515.73,0.00096758,0.0
40,4.288286,0.505724,0.49736,0.76508,1281024,520559,0.406362,0.739695,515.264,2486.15,0.00096567,0.0
41,4.262103,0.512533,0.49382,0.7619,1281024,517860,0.404255,0.737588,510.513,2509.29,0.0009637,0.0
42,4.226869,0.518478,0.49964,0.76872,1281024,516376,0.403096,0.73643,509.5,2514.28,0.00096168,0.0
43,4.206442,0.523993,0.50632,0.77038,1281024,514055,0.401284,0.734618,509.639,2513.59,0.00095961,0.0
44,4.180293,0.529263,0.50886,0.77524,1281024,511518,0.399304,0.732637,518.844,2469.0,0.00095749,0.0
45,4.152909,0.534942,0.51244,0.77562,1281024,509643,0.39784,0.731174,514.516,2489.76,0.00095532,0.0
46,4.128554,0.540475,0.51382,0.77786,1281024,507325,0.396031,0.729364,493.652,2595.0,0.00095309,0.0
47,4.101782,0.545445,0.51264,0.77558,1281024,505595,0.39468,0.728014,510.316,2510.26,0.00095081,0.0
48,4.0817,0.550731,0.51838,0.78256,1281024,503451,0.393007,0.72634,523.16,2448.63,0.00094849,0.0
49,4.061127,0.554636,0.52086,0.78536,1281024,501990,0.391866,0.7252,508.931,2517.09,0.00094611,0.0
50,4.041343,0.560248,0.52238,0.7838,1281024,499531,0.389947,0.72328,514.663,2489.05,0.00094368,0.0
51,4.016739,0.564318,0.5289,0.78946,1281024,498066,0.388803,0.722136,514.716,2488.8,0.0009412,0.0
52,3.999863,0.568992,0.52892,0.78836,1281024,495799,0.387033,0.720367,510.156,2511.04,0.00093867,0.0
53,3.983374,0.572839,0.53432,0.79252,1281024,494070,0.385684,0.719017,510.913,2507.32,0.00093609,0.0
54,3.959453,0.57776,0.53446,0.7913,1281024,492342,0.384335,0.717668,532.518,2405.6,0.00093346,0.0
55,3.948804,0.580722,0.53016,0.79208,1281024,490319,0.382756,0.716089,517.684,2474.53,0.00093078,0.0
56,3.932892,0.583995,0.54222,0.7984,1281024,488868,0.381623,0.714956,492.022,2603.59,0.00092805,0.0
57,3.909999,0.587959,0.54154,0.79966,1281024,487694,0.380706,0.71404,511.729,2503.33,0.00092527,0.0
58,3.896161,0.591439,0.54036,0.79762,1281024,485727,0.379171,0.712504,511.59,2504.01,0.00092245,0.0
59,3.885035,0.59536,0.54334,0.79818,1281024,484311,0.378066,0.711399,507.768,2522.85,0.00091958,0.0
60,3.865961,0.598643,0.54804,0.80484,1281024,482456,0.376617,0.709951,511.711,2503.42,0.00091666,0.0
61,3.853457,0.601664,0.55274,0.80554,1281024,480769,0.375301,0.708634,512.215,2500.95,0.00091369,0.0
62,3.83973,0.605049,0.54982,0.80546,1281024,479490,0.374302,0.707635,510.407,2509.81,0.00091068,0.0
63,3.823498,0.608374,0.55516,0.8078,1281024,478140,0.373248,0.706582,492.39,2601.64,0.00090762,0.0
64,3.812426,0.611117,0.55748,0.8084,1281024,476059,0.371624,0.704957,526.034,2435.25,0.00090451,0.0
65,3.801301,0.613349,0.55538,0.8083,1281024,475056,0.370841,0.704174,512.316,2500.46,0.00090136,0.0
66,3.782887,0.616885,0.55516,0.8067,1281024,473790,0.369853,0.703186,508.235,2520.54,0.00089816,0.0
67,3.7773,0.619415,0.55766,0.80928,1281024,472262,0.36866,0.701993,508.515,2519.15,0.00089491,0.0
68,3.764169,0.62146,0.5599,0.81074,1281024,471813,0.368309,0.701643,511.624,2503.84,0.00089163,0.0
69,3.75195,0.625439,0.56494,0.81246,1281024,469225,0.366289,0.699622,508.975,2516.87,0.00088829,0.0
70,3.739057,0.627336,0.5657,0.81386,1281024,469190,0.366262,0.699595,491.376,2607.02,0.00088492,0.0
71,3.725806,0.630688,0.56444,0.81268,1281024,467127,0.364651,0.697985,511.535,2504.28,0.0008815,0.0
72,3.716437,0.632991,0.56216,0.81088,1281024,465646,0.363495,0.696828,510.75,2508.12,0.00087803,0.0
73,3.710226,0.635239,0.56648,0.81722,1281024,463867,0.362106,0.69544,507.813,2522.63,0.00087453,0.0
74,3.691974,0.638672,0.56498,0.81366,1281024,462792,0.361267,0.694601,525.96,2435.59,0.00087098,0.0
75,3.684385,0.640812,0.57162,0.8201,1281024,461246,0.36006,0.693394,511.57,2504.1,0.00086739,0.0
76,3.679862,0.641926,0.5697,0.81772,1281024,460681,0.359619,0.692953,511.036,2506.72,0.00086375,0.0
77,3.662447,0.64523,0.5707,0.8181,1281024,459327,0.358562,0.691896,508.776,2517.86,0.00086008,0.0
78,3.656363,0.647566,0.56966,0.81936,1281024,457746,0.357328,0.690662,493.572,2595.41,0.00085637,0.0
79,3.647899,0.649737,0.57428,0.81908,1281024,456793,0.356584,0.689918,507.511,2524.13,0.00085261,0.0
80,3.638579,0.651631,0.5726,0.81868,1281024,455879,0.355871,0.689204,510.009,2511.77,0.00084882,0.0
81,3.627372,0.65357,0.57568,0.81904,1281024,454683,0.354937,0.68827,511.339,2505.24,0.00084498,0.0
82,3.615706,0.655868,0.58088,0.82428,1281024,453712,0.354179,0.687512,509.406,2514.74,0.00084111,0.0
83,3.60976,0.658644,0.58078,0.82408,1281024,451845,0.352722,0.686055,523.727,2445.98,0.00083719,0.0
84,3.603668,0.660582,0.57628,0.82178,1281024,450431,0.351618,0.684951,516.149,2481.89,0.00083324,0.0
85,3.587088,0.663019,0.5851,0.82588,1281024,449854,0.351168,0.684501,511.766,2503.14,0.00082926,0.0
86,3.579851,0.665321,0.5851,0.82774,1281024,448402,0.350034,0.683367,493.566,2595.45,0.00082523,0.0
87,3.575444,0.666907,0.58652,0.82592,1281024,446990,0.348932,0.682265,510.758,2508.08,0.00082117,0.0
88,3.562014,0.668931,0.5838,0.82772,1281024,445947,0.348118,0.681451,511.562,2504.14,0.00081707,0.0
89,3.55514,0.670998,0.58446,0.82616,1281024,445500,0.347769,0.681102,519.38,2466.45,0.00081293,0.0
90,3.547457,0.673012,0.58432,0.82704,1281024,443816,0.346454,0.679787,512.545,2499.34,0.00080876,0.0
91,3.538941,0.675568,0.58956,0.82638,1281024,442353,0.345312,0.678645,510.765,2508.05,0.00080456,0.0
92,3.527862,0.676622,0.58638,0.8271,1281024,442127,0.345136,0.678469,512.457,2499.77,0.00080032,0.0
93,3.518128,0.678886,0.59078,0.82946,1281024,440856,0.344143,0.677477,522.403,2452.17,0.00079604,0.0
94,3.511478,0.680638,0.59036,0.83012,1281024,439745,0.343276,0.676609,484.923,2641.71,0.00079173,0.0
95,3.5035,0.683201,0.58846,0.82798,1281024,438305,0.342152,0.675485,499.413,2565.06,0.00078739,0.0
96,3.494739,0.685054,0.59228,0.83066,1281024,436787,0.340967,0.6743,502.278,2550.43,0.00078302,0.0
97,3.48798,0.686576,0.59102,0.83086,1281024,436355,0.34063,0.673963,500.703,2558.45,0.00077861,0.0
98,3.483265,0.688653,0.59658,0.83072,1281024,435019,0.339587,0.67292,499.212,2566.09,0.00077418,0.0
99,3.475279,0.689694,0.59298,0.83216,1281024,434549,0.33922,0.672553,505.358,2534.88,0.00076971,0.0
100,3.46902,0.691609,0.59638,0.83078,1281024,433485,0.338389,0.671723,502.368,2549.97,0.00076521,0.0
101,3.4626,0.69368,0.59352,0.832,1281024,431709,0.337003,0.670336,481.538,2660.28,0.00076068,0.0
102,3.449516,0.696043,0.59556,0.83292,1281024,430629,0.33616,0.669493,520.854,2459.47,0.00075612,0.0
103,3.440961,0.698092,0.6002,0.83496,1281024,429795,0.335509,0.668842,509.906,2512.28,0.00075154,0.0
104,3.431086,0.699782,0.5943,0.83166,1281024,428543,0.334532,0.667865,502.342,2550.1,0.00074692,0.0
105,3.428962,0.70145,0.60452,0.83914,1281024,427272,0.333539,0.666873,501.448,2554.65,0.00074228,0.0
106,3.415689,0.703774,0.6056,0.83666,1281024,425973,0.332525,0.665859,500.646,2558.74,0.0007376,0.0
107,3.410793,0.705067,0.60096,0.8358,1281024,425576,0.332215,0.665549,501.965,2552.02,0.00073291,0.0
108,3.4088,0.706029,0.5996,0.83316,1281024,424071,0.331041,0.664374,483.526,2649.34,0.00072818,0.0
109,3.395026,0.708882,0.59706,0.83286,1281024,423181,0.330346,0.663679,501.808,2552.82,0.00072343,0.0
110,3.390215,0.710525,0.60284,0.83462,1281024,422035,0.329451,0.662785,499.612,2564.04,0.00071865,0.0
111,3.380612,0.712412,0.60182,0.83624,1281024,420957,0.32861,0.661943,499.351,2565.38,0.00071385,0.0
112,3.378071,0.714022,0.60576,0.8361,1281024,419395,0.32739,0.660724,501.779,2552.96,0.00070903,0.0
113,3.373026,0.714465,0.60376,0.8362,1281024,418990,0.327074,0.660408,514.556,2489.57,0.00070418,0.0
114,3.366085,0.71655,0.61122,0.84102,1281024,417538,0.325941,0.659274,501.98,2551.94,0.00069931,0.0
115,3.356683,0.718728,0.60656,0.84084,1281024,416456,0.325096,0.65843,481.293,2661.63,0.00069441,0.0
116,3.35008,0.720239,0.60164,0.837,1281024,416016,0.324753,0.658086,500.282,2560.61,0.0006895,0.0
117,3.337234,0.722562,0.61248,0.8413,1281024,414638,0.323677,0.65701,495.871,2583.38,0.00068456,0.0
118,3.330501,0.724015,0.61228,0.84116,1281024,413636,0.322895,0.656228,496.027,2582.57,0.0006796,0.0
119,3.329405,0.725776,0.60962,0.84186,1281024,411972,0.321596,0.654929,497.445,2575.21,0.00067462,0.0
120,3.320762,0.72702,0.60494,0.83528,1281024,411665,0.321356,0.65469,498.617,2569.15,0.00066962,0.0
121,3.313188,0.728783,0.6038,0.83874,1281024,409860,0.319947,0.653281,497.273,2576.1,0.0006646,0.0
122,3.30686,0.730171,0.61124,0.84054,1281024,409449,0.319626,0.65296,516.455,2480.42,0.00065956,0.0
123,3.302476,0.732092,0.60966,0.83908,1281024,408074,0.318553,0.651886,510.297,2510.35,0.00065451,0.0
124,3.289578,0.734636,0.61284,0.84052,1281024,406682,0.317466,0.6508,484.929,2641.67,0.00064944,0.0
125,3.284804,0.736167,0.60778,0.84002,1281024,405229,0.316332,0.649665,502.05,2551.58,0.00064435,0.0
126,3.280225,0.737153,0.61544,0.84054,1281024,404556,0.315807,0.64914,508.099,2521.21,0.00063924,0.0
127,3.268192,0.739433,0.61164,0.84076,1281024,403392,0.314898,0.648231,525.699,2436.8,0.00063412,0.0
128,3.266232,0.740111,0.61236,0.84102,1281024,402123,0.313907,0.647241,510.335,2510.16,0.00062898,0.0
129,3.254565,0.741909,0.61246,0.8411,1281024,401395,0.313339,0.646673,509.203,2515.75,0.00062383,0.0
130,3.248316,0.744571,0.61286,0.84186,1281024,399833,0.31212,0.645453,426.475,3003.75,1.6e-07,0.0
131,3.241966,0.745329,0.61508,0.8439,1281024,399315,0.311715,0.645049,351.419,3645.29,0.00061348,0.0
132,3.233775,0.74734,0.61568,0.84092,1281024,398571,0.311135,0.644468,321.386,3985.94,0.00060829,0.0
133,3.229453,0.749222,0.61328,0.84268,1281024,396233,0.30931,0.642643,336.309,3809.07,0.00060309,0.0
134,3.217981,0.75156,0.61646,0.8418,1281024,395269,0.308557,0.64189,304.422,4208.05,0.00059787,0.0
135,3.216066,0.75263,0.61496,0.84438,1281024,393674,0.307312,0.640645,387.296,3307.61,0.00059264,0.0
136,3.208651,0.754064,0.62142,0.84532,1281024,393009,0.306793,0.640126,515.93,2482.94,0.00058741,0.0
137,3.204088,0.755337,0.6172,0.84294,1281024,391963,0.305976,0.63931,725.086,1766.72,0.00058216,0.0
138,3.193191,0.757833,0.61628,0.84446,1281024,390850,0.305107,0.638441,439.958,2911.7,0.0005769,0.0
139,3.18365,0.759555,0.61626,0.84286,1281024,389264,0.303869,0.637203,318.424,4023.02,0.00057164,0.0
140,3.180808,0.761235,0.61736,0.84172,1281024,388114,0.302972,0.636305,393.617,3254.49,0.00056636,0.0
141,3.16793,0.763085,0.6205,0.84656,1281024,387240,0.302289,0.635623,839.362,1526.19,0.00056108,0.0
142,3.167243,0.764413,0.62452,0.84712,1281024,386302,0.301557,0.634891,544.034,2354.68,0.00055579,0.0
143,3.157303,0.765987,0.62204,0.84736,1281024,384985,0.300529,0.633862,434.338,2949.37,0.0005505,0.0
144,3.151401,0.767479,0.62772,0.84778,1281024,383777,0.299586,0.632919,414.792,3088.36,0.0005452,0.0
145,3.15022,0.768791,0.62214,0.84542,1281024,383044,0.299014,0.632347,602.125,2127.5,0.00053989,0.0
146,3.134333,0.77132,0.62208,0.84678,1281024,380847,0.297299,0.630632,503.734,2543.06,0.00053458,0.0
147,3.128097,0.772512,0.62146,0.84472,1281024,380160,0.296763,0.630096,586.072,2185.78,0.00052927,0.0
148,3.123095,0.774059,0.62392,0.84426,1281024,379106,0.29594,0.629273,317.552,4034.07,0.00052395,0.0
149,3.120301,0.775842,0.62484,0.84708,1281024,377902,0.295,0.628333,352.784,3631.18,0.00051863,0.0
150,3.109691,0.777818,0.62156,0.8472,1281024,376079,0.293577,0.62691,355.041,3608.1,0.00051331,0.0
151,3.101958,0.779081,0.62706,0.84642,1281024,375421,0.293063,0.626397,340.117,3766.42,0.00050799,0.0
152,3.094027,0.781076,0.62672,0.84852,1281024,373599,0.291641,0.624974,318.873,4017.35,0.00050266,0.0
153,3.090536,0.782711,0.62328,0.84636,1281024,372337,0.290656,0.623989,316.174,4051.64,0.00049734,0.0
154,3.082397,0.784493,0.62744,0.84858,1281024,371078,0.289673,0.623006,467.674,2739.14,0.00049201,0.0
155,3.075726,0.785821,0.62572,0.84602,1281024,370612,0.289309,0.622643,366.674,3493.64,0.00048669,0.0
156,3.067552,0.787826,0.63052,0.85028,1281024,369602,0.288521,0.621854,425.801,3008.51,0.00048137,0.0
157,3.061708,0.789058,0.62756,0.85004,1281024,368231,0.287451,0.620784,357.736,3580.92,0.00047605,0.0
158,3.048322,0.792055,0.63362,0.85204,1281024,366525,0.286119,0.619452,359.174,3566.58,0.00047073,0.0
159,3.049643,0.792462,0.63,0.84922,1281024,365277,0.285145,0.618478,507.701,2523.18,0.00046542,0.0
160,3.038714,0.793646,0.6297,0.84778,1281024,364235,0.284331,0.617664,417.984,3064.77,0.00046011,0.0
161,3.024616,0.796699,0.63254,0.85194,1281024,362631,0.283079,0.616412,338.814,3780.9,0.0004548,0.0
162,3.02705,0.797571,0.63398,0.84968,1281024,361433,0.282144,0.615477,367.931,3481.69,0.0004495,0.0
163,3.018136,0.799097,0.63084,0.8515,1281024,360393,0.281332,0.614665,346.056,3701.78,0.00044421,0.0
164,3.004333,0.801651,0.63224,0.85066,1281024,358646,0.279968,0.613302,447.652,2861.65,0.00043892,0.0
165,2.999396,0.802485,0.63048,0.84892,1281024,357640,0.279183,0.612516,574.75,2228.84,0.00043364,0.0
166,2.996274,0.803731,0.62974,0.84792,1281024,356599,0.27837,0.611704,317.304,4037.21,0.00042836,0.0
167,2.981926,0.806651,0.63078,0.84886,1281024,355245,0.277313,0.610647,364.27,3516.69,0.0004231,0.0
168,2.979941,0.807332,0.63048,0.84834,1281024,354380,0.276638,0.609971,305.719,4190.2,0.00041784,0.0
169,2.978357,0.808929,0.636,0.85334,1281024,352800,0.275405,0.608738,306.501,4179.51,0.00041259,0.0
170,2.961971,0.81068,0.63448,0.85266,1281024,352086,0.274847,0.608181,499.511,2564.56,0.00040736,0.0
171,2.956758,0.812384,0.63596,0.85096,1281024,350265,0.273426,0.606759,527.98,2426.27,0.00040213,0.0
172,2.950256,0.81411,0.63566,0.85072,1281024,348560,0.272095,0.605428,296.192,4324.98,0.00039691,0.0
173,2.941428,0.81627,0.63744,0.85338,1281024,347280,0.271096,0.604429,281.226,4555.15,0.00039171,0.0
174,2.931913,0.817877,0.63714,0.85202,1281024,346364,0.270381,0.603714,374.886,3417.1,0.00038652,0.0
175,2.923432,0.819845,0.63768,0.85374,1281024,345350,0.269589,0.602922,329.814,3884.08,0.00038134,0.0
176,2.919091,0.820855,0.6397,0.85418,1281024,344154,0.268655,0.601989,312.024,4105.53,0.00037617,0.0
177,2.906096,0.8227,0.63396,0.85046,1281024,342616,0.267455,0.600788,300.807,4258.62,0.00037102,0.0
178,2.899416,0.824173,0.63518,0.84888,1281024,341082,0.266257,0.599591,523.267,2448.13,0.00036588,0.0
179,2.897729,0.825836,0.63582,0.84754,1281024,339663,0.26515,0.598483,522.611,2451.2,0.00036076,0.0
180,2.890121,0.827744,0.6357,0.85184,1281024,338308,0.264092,0.597425,602.854,2124.93,0.00035565,0.0
181,2.882101,0.82865,0.6367,0.85162,1281024,337362,0.263353,0.596687,522.357,2452.39,0.00035056,0.0
182,2.870751,0.8311,0.6408,0.8535,1281024,335715,0.262068,0.595401,512.266,2500.7,0.00034549,0.0
183,2.865037,0.832552,0.6389,0.8525,1281024,334132,0.260832,0.594165,514.569,2489.51,0.00034044,0.0
184,2.860575,0.833926,0.63838,0.85016,1281024,332779,0.259776,0.593109,520.502,2461.13,0.0003354,0.0
185,2.851792,0.835254,0.63902,0.85374,1281024,331822,0.259029,0.592362,519.25,2467.07,0.00033038,0.0
186,2.83947,0.837638,0.63942,0.8538,1281024,330596,0.258072,0.591405,515.066,2487.1,0.00032538,0.0
187,2.834223,0.838959,0.64124,0.85256,1281024,329375,0.257119,0.590452,518.471,2470.77,0.0003204,0.0
188,2.825143,0.84101,0.64378,0.85504,1281024,327483,0.255642,0.588975,513.459,2494.89,0.00031544,0.0
189,2.819146,0.842679,0.6453,0.85488,1281024,326463,0.254845,0.588179,513.437,2495.0,0.0003105,0.0
190,2.809838,0.844137,0.64302,0.85362,1281024,325186,0.253848,0.587182,576.035,2223.86,0.00030559,0.0
191,2.801127,0.845689,0.64346,0.85512,1281024,324206,0.253083,0.586417,514.865,2488.08,0.00030069,0.0
192,2.791673,0.846881,0.64982,0.8562,1281024,322488,0.251742,0.585076,508.413,2519.65,0.00029582,0.0
193,2.782612,0.849024,0.64474,0.85368,1281024,321711,0.251136,0.584469,509.688,2513.35,0.00029097,0.0
194,2.77672,0.850555,0.64922,0.85764,1281024,319799,0.249643,0.582977,515.349,2485.74,0.00028615,0.0
195,2.774129,0.851834,0.64692,0.85718,1281024,319038,0.249049,0.582383,514.899,2487.91,0.00028135,0.0
196,2.760249,0.853905,0.6482,0.85744,1281024,317804,0.248086,0.581419,510.493,2509.39,0.00027657,0.0
197,2.752452,0.855192,0.6476,0.85492,1281024,316385,0.246978,0.580312,516.932,2478.13,0.00027182,0.0
198,2.746037,0.856586,0.64722,0.85454,1281024,314937,0.245848,0.579181,514.819,2488.3,0.00026709,0.0
199,2.737443,0.858578,0.6507,0.8574,1281024,313555,0.244769,0.578102,514.039,2492.07,0.0002624,0.0
200,2.731251,0.859313,0.64928,0.85476,1281024,312811,0.244188,0.577522,537.587,2382.91,0.00025772,0.0
201,2.725618,0.861742,0.64704,0.85632,1281024,310567,0.242437,0.57577,505.476,2534.29,0.00025308,0.0
202,2.709737,0.863066,0.64656,0.85502,1281024,310092,0.242066,0.575399,502.585,2548.87,0.00024846,0.0
203,2.701155,0.864992,0.64774,0.85538,1281024,308899,0.241134,0.574468,510.858,2507.59,0.00024388,0.0
204,2.69264,0.866353,0.64662,0.85612,1281024,307162,0.239778,0.573112,513.695,2493.74,0.00023932,0.0
205,2.687626,0.867654,0.65084,0.85714,1281024,306042,0.238904,0.572238,518.172,2472.2,0.00023479,0.0
206,2.675939,0.869489,0.65016,0.85714,1281024,304734,0.237883,0.571216,517.338,2476.19,0.00023029,0.0
207,2.66796,0.871297,0.65422,0.85878,1281024,303408,0.236848,0.570181,518.331,2471.44,0.00022582,0.0
208,2.663638,0.872445,0.65324,0.85808,1281024,302050,0.235788,0.569121,518.185,2472.13,0.00022139,0.0
209,2.650948,0.873956,0.6538,0.85858,1281024,301063,0.235017,0.568351,521.831,2454.87,0.00021698,0.0
210,2.64417,0.875511,0.65346,0.8582,1281024,299823,0.234049,0.567383,521.983,2454.15,0.00021261,0.0
211,2.635818,0.876894,0.65426,0.85774,1281024,298911,0.233338,0.566671,527.761,2427.28,0.00020827,0.0
212,2.628894,0.878388,0.65646,0.86078,1281024,297093,0.231918,0.565252,527.122,2430.22,0.00020396,0.0
213,2.620532,0.879339,0.64998,0.85666,1281024,296217,0.231235,0.564568,528.791,2422.55,0.00019968,0.0
214,2.609642,0.881261,0.65136,0.85678,1281024,295446,0.230633,0.563966,528.347,2424.59,0.00019544,0.0
215,2.59901,0.882871,0.65346,0.85714,1281024,293833,0.229374,0.562707,527.753,2427.32,0.00019124,0.0
216,2.593976,0.884376,0.65436,0.85792,1281024,292176,0.22808,0.561413,527.414,2428.88,0.00018707,0.0
217,2.587296,0.885482,0.65786,0.85934,1281024,291905,0.227868,0.561202,529.146,2420.93,0.00018293,0.0
218,2.570884,0.887271,0.65396,0.856,1281024,290214,0.226548,0.559882,525.067,2439.74,0.00017883,0.0
219,2.568219,0.888358,0.65742,0.86142,1281024,288887,0.225513,0.558846,527.697,2427.58,0.00017477,0.0
220,2.558302,0.890001,0.65754,0.85882,1281024,288306,0.225059,0.558392,530.988,2412.53,0.00017074,0.0
221,2.551844,0.891153,0.65708,0.86066,1281024,286505,0.223653,0.556986,530.793,2413.42,0.00016676,0.0
222,2.543199,0.892073,0.65872,0.85934,1281024,286112,0.223346,0.55668,526.694,2432.2,0.00016281,0.0
223,2.525033,0.894089,0.6581,0.86252,1281024,284974,0.222458,0.555791,527.104,2430.31,0.00015889,0.0
224,2.516056,0.895495,0.65794,0.8613,1281024,284306,0.221937,0.55527,527.834,2426.94,0.00015502,0.0
225,2.513231,0.897184,0.65542,0.85918,1281024,282019,0.220151,0.553485,531.368,2410.8,0.00015118,0.0
226,2.500688,0.898793,0.66102,0.8618,1281024,281526,0.219766,0.5531,528.608,2423.39,0.00014739,0.0
227,2.490572,0.900078,0.65768,0.86168,1281024,280577,0.219026,0.552359,528.443,2424.15,0.00014363,0.0
228,2.492255,0.900348,0.6605,0.86192,1281024,279274,0.218008,0.551342,528.584,2423.5,0.00013992,0.0
229,2.472053,0.902459,0.66426,0.86482,1281024,278394,0.217321,0.550655,528.853,2422.27,0.00013625,0.0
230,2.46869,0.903499,0.66176,0.86154,1281024,277326,0.216488,0.549821,528.342,2424.61,0.00013261,0.0
231,2.453385,0.904807,0.66034,0.86252,1281024,276323,0.215705,0.549038,531.99,2407.99,0.00012902,0.0
232,2.449523,0.906821,0.66212,0.8608,1281024,274801,0.214517,0.54785,526.628,2432.5,0.00012547,0.0
233,2.435059,0.907351,0.66392,0.86382,1281024,275170,0.214805,0.548138,528.461,2424.07,0.00012197,0.0
234,2.429615,0.909136,0.66332,0.86304,1281024,273038,0.21314,0.546474,527.314,2429.34,0.0001185,0.0
235,2.423752,0.909952,0.6634,0.86278,1281024,272516,0.212733,0.546066,529.507,2419.28,0.00011508,0.0
236,2.414089,0.911047,0.664,0.8629,1281024,271613,0.212028,0.545361,528.721,2422.87,0.00011171,0.0
237,2.403729,0.912166,0.66012,0.8629,1281024,270769,0.211369,0.544703,528.213,2425.2,0.00010837,0.0
238,2.390496,0.913504,0.66318,0.8652,1281024,270591,0.21123,0.544564,532.809,2404.28,0.00010509,0.0
239,2.387081,0.914739,0.66162,0.86316,1281024,268633,0.209702,0.543035,528.233,2425.11,0.00010184,0.0
240,2.372434,0.915827,0.66716,0.86572,1281024,268427,0.209541,0.542874,534.524,2396.57,9.864e-05,0.0
241,2.367437,0.916963,0.66746,0.86284,1281024,267458,0.208785,0.542118,529.853,2417.69,9.549e-05,0.0
242,2.359251,0.918066,0.66314,0.8618,1281024,266666,0.208166,0.5415,526.748,2431.95,9.238e-05,0.0
243,2.351409,0.918923,0.6646,0.86224,1281024,265751,0.207452,0.540785,530.53,2414.61,8.932e-05,0.0
244,2.347643,0.920165,0.66676,0.86362,1281024,264879,0.206771,0.540105,528.523,2423.78,8.631e-05,0.0
245,2.335971,0.921222,0.668,0.86514,1281024,264343,0.206353,0.539686,528.378,2424.45,8.334e-05,0.0
246,2.322777,0.921895,0.66612,0.86378,1281024,264009,0.206092,0.539425,723.914,1769.58,8.042e-05,0.0
247,2.314009,0.923157,0.66836,0.86504,1281024,263136,0.205411,0.538744,869.474,1473.33,7.755e-05,0.0
248,2.309995,0.923946,0.66502,0.86176,1281024,262223,0.204698,0.538031,532.191,2407.08,7.473e-05,0.0
249,2.2959,0.925324,0.66628,0.86256,1281024,262590,0.204984,0.538318,532.531,2405.54,7.195e-05,0.0
250,2.291728,0.925901,0.66726,0.8625,1281024,261597,0.204209,0.537543,972.24,1317.6,6.922e-05,0.0
251,2.28655,0.92725,0.67056,0.86512,1281024,260421,0.203291,0.536625,505.266,2535.35,6.654e-05,0.0
252,2.280491,0.927834,0.67034,0.864,1281024,259853,0.202848,0.536181,365.266,3507.1,6.391e-05,0.0
253,2.270118,0.928627,0.6693,0.8639,1281024,259650,0.202689,0.536023,388.839,3294.48,6.133e-05,0.0
254,2.259391,0.929965,0.6672,0.86302,1281024,258787,0.202016,0.535349,371.172,3451.3,5.88e-05,0.0
255,2.248376,0.931041,0.67238,0.86616,1281024,258611,0.201878,0.535212,384.781,3329.23,5.632e-05,0.0
256,2.249187,0.931261,0.671,0.8656,1281024,257764,0.201217,0.53455,390.87,3277.36,5.389e-05,0.0
257,2.228887,0.932603,0.67216,0.86582,1281024,258246,0.201593,0.534927,387.913,3302.35,5.151e-05,0.0
258,2.224604,0.933367,0.67334,0.86542,1281024,257565,0.201062,0.534395,386.519,3314.26,4.919e-05,0.0
259,2.224391,0.933629,0.67096,0.86482,1281024,256409,0.200159,0.533493,601.971,2128.05,4.691e-05,0.0
260,2.209428,0.934555,0.67178,0.8665,1281024,256691,0.20038,0.533713,528.251,2425.03,4.468e-05,0.0
261,2.2057,0.935335,0.6716,0.8651,1281024,255592,0.199522,0.532855,345.808,3704.43,4.251e-05,0.0
262,2.201121,0.935961,0.67168,0.86542,1281024,255771,0.199661,0.532995,445.045,2878.41,4.039e-05,0.0
263,2.195869,0.936562,0.67168,0.86412,1281024,255471,0.199427,0.532761,723.911,1769.59,3.832e-05,0.0
264,2.190341,0.937105,0.672,0.86384,1281024,254940,0.199013,0.532346,352.922,3629.77,3.63e-05,0.0
265,2.171444,0.938471,0.67142,0.86468,1281024,255732,0.199631,0.532964,325.574,3934.67,3.433e-05,0.0
266,2.164662,0.938928,0.6727,0.8642,1281024,254811,0.198912,0.532245,388.709,3295.59,3.242e-05,0.0
267,2.174375,0.939291,0.67322,0.86658,1281024,253376,0.197792,0.531125,340.683,3760.16,3.056e-05,0.0
268,2.158879,0.939905,0.6717,0.86466,1281024,253683,0.198031,0.531365,497.024,2577.39,2.875e-05,0.0
269,2.15397,0.940532,0.67456,0.86594,1281024,253004,0.197501,0.530835,647.24,1979.21,2.7e-05,0.0
270,2.147619,0.941028,0.67442,0.86526,1281024,253331,0.197757,0.53109,409.439,3128.73,2.53e-05,0.0
271,2.148961,0.941302,0.67444,0.86626,1281024,253207,0.19766,0.530993,563.67,2272.65,2.366e-05,0.0
272,2.136514,0.941875,0.67504,0.86528,1281024,253050,0.197537,0.530871,609.613,2101.37,2.206e-05,0.0
273,2.137376,0.942499,0.67462,0.86636,1281024,252453,0.197071,0.530405,435.889,2938.88,2.053e-05,0.0
274,2.127209,0.942939,0.6753,0.86714,1281024,252412,0.197039,0.530373,423.425,3025.39,1.904e-05,0.0
275,2.124248,0.943225,0.6767,0.86784,1281024,251959,0.196686,0.530019,630.496,2031.77,1.762e-05,0.0
276,2.125694,0.943776,0.67356,0.8661,1281024,252073,0.196775,0.530108,538.692,2378.03,1.624e-05,0.0
277,2.119932,0.943996,0.67386,0.86544,1281024,252107,0.196801,0.530134,305.465,4193.69,1.492e-05,0.0
278,2.111923,0.944578,0.67528,0.8665,1281024,252496,0.197105,0.530438,311.698,4109.82,1.366e-05,0.0
279,2.097235,0.945146,0.67552,0.86642,1281024,253371,0.197788,0.531121,390.166,3283.28,1.245e-05,0.0
280,2.104155,0.945204,0.6764,0.86672,1281024,251785,0.19655,0.529883,455.975,2809.42,1.13e-05,0.0
281,2.105335,0.945259,0.67684,0.86746,1281024,251167,0.196067,0.529401,448.142,2858.52,1.02e-05,0.0
282,2.099587,0.945754,0.67484,0.86582,1281024,251362,0.19622,0.529553,449.706,2848.58,9.16e-06,0.0
283,2.098098,0.945996,0.67556,0.8663,1281024,250888,0.19585,0.529183,315.478,4060.58,8.17e-06,0.0
284,2.092818,0.946265,0.67644,0.8661,1281024,251451,0.196289,0.529622,275.108,4656.44,7.24e-06,0.0
285,2.094742,0.946324,0.67554,0.86648,1281024,250812,0.19579,0.529124,264.969,4834.62,6.37e-06,0.0
286,2.099955,0.946594,0.676,0.86634,1281024,249970,0.195133,0.528466,313.124,4091.11,5.55e-06,0.0
287,2.082741,0.947218,0.67546,0.86606,1281024,251712,0.196493,0.529826,277.186,4621.53,4.78e-06,0.0
288,2.081241,0.947259,0.67602,0.86632,1281024,251119,0.19603,0.529363,266.417,4808.35,4.08e-06,0.0
289,2.073218,0.947579,0.67632,0.86604,1281024,251984,0.196705,0.530038,306.059,4185.55,3.43e-06,0.0
290,2.082971,0.947291,0.67546,0.86654,1281024,250711,0.195711,0.529045,299.097,4282.97,2.83e-06,0.0
291,2.08031,0.947248,0.6763,0.86656,1281024,250856,0.195825,0.529158,288.066,4446.98,2.29e-06,0.0
292,2.078097,0.947729,0.67632,0.86666,1281024,251451,0.196289,0.529622,304.004,4213.84,1.81e-06,0.0
293,2.076676,0.947711,0.67632,0.86694,1281024,251330,0.196195,0.529528,293.332,4367.15,1.39e-06,0.0
294,2.076922,0.947724,0.676,0.86658,1281024,251196,0.19609,0.529423,291.046,4401.45,1.02e-06,0.0
295,2.069703,0.947874,0.67576,0.86666,1281024,251467,0.196302,0.529635,309.452,4139.65,7.1e-07,0.0
296,2.083713,0.947537,0.67604,0.86718,1281024,250154,0.195277,0.52861,295.973,4328.18,4.5e-07,0.0
297,2.070307,0.948193,0.67618,0.86706,1281024,251564,0.196377,0.529711,327.539,3911.06,2.6e-07,0.0
298,2.074023,0.948223,0.67636,0.86694,1281024,251587,0.196395,0.529729,295.795,4330.78,1.1e-07,0.0
299,2.080221,0.947691,0.6762,0.86718,1281024,250843,0.195814,0.529148,297.642,4303.92,3e-08,0.0
